title,content,user_name,Label
Must buy!,Awsm product.... Worth every penny just go for it ğŸ‘ŒğŸ¼.,kajal kashyap,REAL
Good quality product,"Looks good... USB Type-C, fast charging, excellent battery life â˜ºï¸.",Debabrata Pramanik,REAL
Excellent,Love you boat.,SIBASISH KARMAKAR,REAL
Terrific purchase,"Very good sound quality, very good batteryğŸ”‹backup,, Thank you flipkartâ˜ºâ˜º.....",Mamta Rana,REAL
Simply awesome,Nice ğŸ‘ everything is good.,Priya Pathak,REAL
Just wow!,1. Material Quality - Not Bad...2. Sound Quality - Awesome...3. Bass - Decent Quality...4. Battery Backup - Very Good...5. Design & Bulid Quality - Very nice...6. Fitting - Oky Type...Overall very nice and Velue for money product...Really i love the product...ğŸ¤©.,Manash Pratim Saikai,REAL
Good quality product,Good product.,Sachindra Senapati,REAL
Great product,Nice product in low price most powerful battery backup.,Naresh Chavan,REAL
Classy product,"Far better than Earbuds of so called high brands.... It's just W......O.......W ğŸ§ğŸµ what a bear ğŸ’“ğŸ’“ I am a Bass lover, but in this bass & treble crystal clear, no distortion... Also in voice call no prb happen, other person can hears clearly. Great 10 meter bluetooth range ğŸ‘ğŸ‘ I am hearing with 40% sound. Just set your Equaliser & have fun with a Hollywood movie.... You feel ur in Cinema ğŸ˜ğŸ˜.",Flipkart Customer,REAL
Good choice,For battery I could give 10 star if possible......pvc plastic is just okay. But voice on calling is crystal clear because of cvc technology. Earlier my wife always complain about my voice when I was using other Bluetooth earphone while calling but now she is happy and me too........ Don't take it otherwise I work out of station ....lol.,Manish Kumar Meena,REAL
Value-for-money,It is a good headphone.Sound quality and battery backup is extremely good..,Dipak Khan,REAL
Must buy!,ğŸ–¤ğŸ–¤ i love BoAtğŸ–¤ tq.,Flipkart Customer,REAL
Highly recommended,Very nice.,Shivom Chauhan,FAKE
Simply awesome,Just go for it. Super Product..,DEEPIKA RAUTARAY,REAL
Awesome,Very good sound and bass.,Guriya Mondal,REAL
Classy product,Nice product.,Mohan Bhadavankar,REAL
Great product,One of the best Bluetooth Boat. 1- Battery Backup Amazing 2- light wait 3-Awesome Sound quality4-Bass good5- Design normal but good not best.,Asad Khan,REAL
Good quality product,"Delivered in 20 February.. today is 28 February and i didn't charge it till now still battery percentage is 70%.. i use it daily for online classes, 1 movie and 3 hours For music approx 9-10 hours daily so Battery is very Powerfull.it's housing is made by plastic and neck wire of somewhat soft silicone material cable is flat long and strong enough..Bass is above the best if you use right size of ear buds..even in 90% volume vocals are crystal clear treble is well balanced..Call quality is far....",Pankaj Kumar,REAL
Must buy!,"Writing this review after using more than 15 days. 255F pro+ has super sound quality. Bass is decent and fair enough. Most important highlight of this headset is battery life,it's amazing. Runtime depends on usage but definitely it will give you more than any other headset.Should go for it..",Himanshu  Ghotkar,REAL
Just wow!,Nice product and fast delivery .  I am happy nice job Flipkart thanks.,sujit das,REAL
